INSERT INTO Staff VALUES('ST001','Aksa Saputra','Male',1000000,'085729718745')
INSERT INTO Staff VALUES('ST002','Arion Jola','Male',1000000,'087481623203')
INSERT INTO Staff VALUES('ST003','Aliando Syarif','Male',1000000,'081561320320')
INSERT INTO Staff VALUES('ST004','Axelle Jonathan','Male',2500000, '087239552485')
INSERT INTO Staff VALUES('ST005','Azzara Syahputri','Female',7500000,'084294981336')
INSERT INTO Staff VALUES('ST006','Wisnu Adhitama','Male',3500000,'088751166202')
INSERT INTO Staff VALUES('ST007','Azura Azuri ','Female',1500000,'088321320651')
INSERT INTO Staff VALUES('ST008','Andin Dinatra','Female',6500000,'087665132102')
INSERT INTO Staff VALUES('ST009','Abhinaya Fikri','Male',5500000,'088751232320')
INSERT INTO Staff VALUES('ST010','Devina Febiyanti','Female',2500000,'087152312203')

SELECT * FROM Staff

INSERT INTO Chef VALUES('CH001','Mahatma Gandhi','Beginner')
INSERT INTO Chef VALUES('CH002','Gilang Dirga','Advance')
INSERT INTO Chef VALUES('CH003','Kenan Keri','Expert')
INSERT INTO Chef VALUES('CH004','Melvin Andersen','Expert')
INSERT INTO Chef VALUES('CH005','Dhita Putri ','Advance')
INSERT INTO Chef VALUES('CH006','Rika Pratiwi','Beginner')
INSERT INTO Chef VALUES('CH007','Raditya Dika','Beginner')
INSERT INTO Chef VALUES('CH008','Raihan Reynaldo','Advance')
INSERT INTO Chef VALUES('CH009','Randi Chernando','Expert')
INSERT INTO Chef VALUES('CH010','Dina Putriani','Expert')

SELECT * FROM Chef

INSERT INTO Customer VALUES('CS001','Lyla Indrianti','Female','1990-02-05','085122786772')
INSERT INTO Customer VALUES('CS002','Adair Chandra','Male','1991-05-07','083132165132')
INSERT INTO Customer VALUES('CS003','Lindy Juwita','Female','1992-07-18','086132132132')
INSERT INTO Customer VALUES('CS004','Putri Titian','Female','1992-08-25','083123032169')
INSERT INTO Customer VALUES('CS005','Gyan Tohadi','Male','1992-02-14','085132132055')
INSERT INTO Customer VALUES('CS006','Ian Sabrian','Male','1993-08-27','085132162367')
INSERT INTO Customer VALUES('CS007','Hachiro Chiro','Male','1992-07-10','081230307772')
INSERT INTO Customer VALUES('CS008','Thalia Ivanka ','Female','1991-12-25','082301515232')
INSERT INTO Customer VALUES('CS009','Ignacio Johan','Male','1989-11-07','082132077523')
INSERT INTO Customer VALUES('CS010','Uxia Pratiwi','Female','1994-01-12','082136560474')

SELECT * FROM Customer

INSERT INTO Vendor VALUES('VE001',' Usha Berkah Company','Jalan Pemuda No. 239 Jakarta','081749756844','ushaberkah@gmail.com')
INSERT INTO Vendor VALUES('VE002',' Usi Jaya Company','Jalan Mawar No. 14 Jakarta','086516516566','contact@usi.com')
INSERT INTO Vendor VALUES('VE003',' Qinara Logistic Company','Jalan Melati No. 26 Jakarta','089516230325','qinara-service@qinara.com')
INSERT INTO Vendor VALUES('VE004',' Raisa Food Company','Jalan Kali Kedua No. 2 Jakarta','086512303203','raisa@raisa-ent.com')
INSERT INTO Vendor VALUES('VE005',' Larasati Company','Jalan Anggrek No. 13 Jakarta','089565135132','larasati@lara.com')
INSERT INTO Vendor VALUES('VE006',' Mizuki Food Company','Jalan Macan No. 55 Jakarta','089650233216','contact@mizuki.com')
INSERT INTO Vendor VALUES('VE007',' Miranda Company','Jalan Harimau No. 24 Jakarta','085613165664','barra@miranda.com')
INSERT INTO Vendor VALUES('VE008',' Milka Milk Company','Jalan Kelinci No. 20 Jakarta','086516516851','headoffice@milka.com')
INSERT INTO Vendor VALUES('VE009',' Nadine Chemist Company','Jalan Eskalator No. 201 Jakarta','086231329321','nadineo@theoffice.com')
INSERT INTO Vendor VALUES('VE010',' Quinn Clown Company','Jalan Mandala No. 193 Jakarta','085203886516','harley@quinnent.com')

SELECT * FROM Vendor

INSERT INTO Ingredient VALUES('IG001','Roti',5000)
INSERT INTO Ingredient VALUES('IG002','Tomat',5000)
INSERT INTO Ingredient VALUES('IG003','Ham',6000)
INSERT INTO Ingredient VALUES('IG004','Selada',3000)
INSERT INTO Ingredient VALUES('IG005','Selai',5000)
INSERT INTO Ingredient VALUES('IG006','Mayonaise',5500)
INSERT INTO Ingredient VALUES('IG007','Keju',6000)
INSERT INTO Ingredient VALUES('IG008','Bawang',4000)
INSERT INTO Ingredient VALUES('IG009','Saus Tomat',3000)
INSERT INTO Ingredient VALUES('IG010','Saus Sambal',2000)

SELECT * FROM Ingredient

INSERT INTO Sandwich VALUES('SW001','Classic Sandwich','Tomat',18000)
INSERT INTO Sandwich VALUES('SW002','Cheesy Sandwich','Mayo',19000)
INSERT INTO Sandwich VALUES('SW003','Complete Sandwich','Sambal',36000)
INSERT INTO Sandwich VALUES('SW004','John Sandwich','Sambal',25000)
INSERT INTO Sandwich VALUES('SW005','Ham Sandwich','Mayo',15000)
INSERT INTO Sandwich VALUES('SW006','Simple Sandwich','Selai ',12000)
INSERT INTO Sandwich VALUES('SW007','Super Sandwich','Mayo',17000)
INSERT INTO Sandwich VALUES('SW008','Mix Sandwich','Selai',20000)
INSERT INTO Sandwich VALUES('SW009','Onion Sandwich','Sambal',13000)
INSERT INTO Sandwich VALUES('SW010','Mayo Sandwich','Mayo',15000)

SELECT * FROM Sandwich

INSERT INTO Purchase VALUES('PH001','ST001','VE001','2019-11-25')
INSERT INTO Purchase VALUES('PH002','ST002','VE002','2019-12-15')
INSERT INTO Purchase VALUES('PH003','ST003','VE003','2019-11-20')
INSERT INTO Purchase VALUES('PH004','ST004','VE004','2019-12-21')
INSERT INTO Purchase VALUES('PH005','ST005','VE005','2019-11-11')
INSERT INTO Purchase VALUES('PH006','ST006','VE006','2019-12-23')
INSERT INTO Purchase VALUES('PH007','ST007','VE007','2019-11-13')
INSERT INTO Purchase VALUES('PH008','ST008','VE008','2019-12-15')
INSERT INTO Purchase VALUES('PH009','ST009','VE009','2019-11-25')
INSERT INTO Purchase VALUES('PH010','ST010','VE010','2019-12-27')
INSERT INTO Purchase VALUES('PH011','ST001','VE009','2019-11-08')
INSERT INTO Purchase VALUES('PH012','ST002','VE008','2019-12-10')
INSERT INTO Purchase VALUES('PH013','ST003','VE007','2019-11-11')
INSERT INTO Purchase VALUES('PH014','ST004','VE006','2019-12-13')
INSERT INTO Purchase VALUES('PH015','ST005','VE005','2019-11-08')

SELECT * FROM Purchase

INSERT INTO Sales VALUES('SH001','ST001','CS010','CH001','2019-12-25')
INSERT INTO Sales VALUES('SH002','ST002','CS009','CH002','2019-11-21')
INSERT INTO Sales VALUES('SH003','ST003','CS008','CH003','2019-12-23')
INSERT INTO Sales VALUES('SH004','ST004','CS007','CH004','2019-11-24')
INSERT INTO Sales VALUES('SH005','ST005','CS006','CH005','2019-12-20')
INSERT INTO Sales VALUES('SH006','ST010','CS005','CH006','2019-11-19')
INSERT INTO Sales VALUES('SH007','ST009','CS004','CH007','2019-12-17')
INSERT INTO Sales VALUES('SH008','ST008','CS003','CH008','2019-11-18')
INSERT INTO Sales VALUES('SH009','ST007','CS002','CH009','2019-12-16')
INSERT INTO Sales VALUES('SH010','ST006','CS001','CH010','2019-11-12')
INSERT INTO Sales VALUES('SH011','ST005','CS002','CH001','2019-12-18')
INSERT INTO Sales VALUES('SH012','ST004','CS003','CH002','2019-11-25')
INSERT INTO Sales VALUES('SH013','ST003','CS004','CH003','2019-12-21')
INSERT INTO Sales VALUES('SH015','ST002','CS005','CH004','2019-11-07')
INSERT INTO Sales VALUES('SH014','ST001','CS006','CH005','2019-12-01')

SELECT * FROM Sales

INSERT INTO PurchaseTransactionDetail VALUES('PH001','IG001',12)
INSERT INTO PurchaseTransactionDetail VALUES('PH002','IG002',6)
INSERT INTO PurchaseTransactionDetail VALUES('PH003','IG003',3)
INSERT INTO PurchaseTransactionDetail VALUES('PH004','IG004',7)
INSERT INTO PurchaseTransactionDetail VALUES('PH005','IG005',20)
INSERT INTO PurchaseTransactionDetail VALUES('PH006','IG006',10)
INSERT INTO PurchaseTransactionDetail VALUES('PH007','IG007',5)
INSERT INTO PurchaseTransactionDetail VALUES('PH008','IG008',2)
INSERT INTO PurchaseTransactionDetail VALUES('PH009','IG009',4)
INSERT INTO PurchaseTransactionDetail VALUES('PH010','IG010',8)
INSERT INTO PurchaseTransactionDetail VALUES('PH011','IG001',16)
INSERT INTO PurchaseTransactionDetail VALUES('PH012','IG002',24)
INSERT INTO PurchaseTransactionDetail VALUES('PH013','IG003',3)
INSERT INTO PurchaseTransactionDetail VALUES('PH014','IG004',7)
INSERT INTO PurchaseTransactionDetail VALUES('PH015','IG005',9)
INSERT INTO PurchaseTransactionDetail VALUES('PH006','IG001',11)
INSERT INTO PurchaseTransactionDetail VALUES('PH007','IG002',13)
INSERT INTO PurchaseTransactionDetail VALUES('PH008','IG003',17)
INSERT INTO PurchaseTransactionDetail VALUES('PH009','IG004',19)
INSERT INTO PurchaseTransactionDetail VALUES('PH010','IG005',21)
INSERT INTO PurchaseTransactionDetail VALUES('PH001','IG006',8)
INSERT INTO PurchaseTransactionDetail VALUES('PH002','IG007',10)
INSERT INTO PurchaseTransactionDetail VALUES('PH003','IG008',26)
INSERT INTO PurchaseTransactionDetail VALUES('PH004','IG009',15)
INSERT INTO PurchaseTransactionDetail VALUES('PH005','IG010',8)

SELECT * FROM PurchaseTransactionDetail

INSERT INTO SalesTransactionDetail VALUES('SH001','SW001',3)
INSERT INTO SalesTransactionDetail VALUES('SH002','SW002',4)
INSERT INTO SalesTransactionDetail VALUES('SH003','SW003',5)
INSERT INTO SalesTransactionDetail VALUES('SH004','SW004',6)
INSERT INTO SalesTransactionDetail VALUES('SH005','SW005',7)
INSERT INTO SalesTransactionDetail VALUES('SH006','SW006',1)
INSERT INTO SalesTransactionDetail VALUES('SH007','SW007',2)
INSERT INTO SalesTransactionDetail VALUES('SH008','SW008',3)
INSERT INTO SalesTransactionDetail VALUES('SH009','SW009',11)
INSERT INTO SalesTransactionDetail VALUES('SH010','SW010',10)
INSERT INTO SalesTransactionDetail VALUES('SH011','SW001',8)
INSERT INTO SalesTransactionDetail VALUES('SH012','SW002',9)
INSERT INTO SalesTransactionDetail VALUES('SH013','SW003',12)
INSERT INTO SalesTransactionDetail VALUES('SH014','SW004',3)
INSERT INTO SalesTransactionDetail VALUES('SH015','SW005',13)
INSERT INTO SalesTransactionDetail VALUES('SH001','SW006',15)
INSERT INTO SalesTransactionDetail VALUES('SH002','SW007',14)
INSERT INTO SalesTransactionDetail VALUES('SH003','SW008',9)
INSERT INTO SalesTransactionDetail VALUES('SH004','SW009',6)
INSERT INTO SalesTransactionDetail VALUES('SH005','SW010',5)
INSERT INTO SalesTransactionDetail VALUES('SH006','SW001',2)
INSERT INTO SalesTransactionDetail VALUES('SH007','SW002',11)
INSERT INTO SalesTransactionDetail VALUES('SH008','SW003',10)
INSERT INTO SalesTransactionDetail VALUES('SH009','SW004',14)
INSERT INTO SalesTransactionDetail VALUES('SH010','SW005',1)